{"path": [0.0, 0.023706526330317668, 0.047413052660635335, 0.07111957899095311, 0.09482610532127078, 0.11853263165158845, 0.14223915798190623, 0.16594568431222378, 0.18965221064254156, 0.21335873697285934, 0.2370652633031769, 0.2607717896334947, 0.28447831596381223, 0.30818484229413, 0.3318913686244478, 0.35559789495476535, 0.3793044212850831, 0.4030109476154007, 0.42671747394571846, 0.45042400027603624, 0.4741305266063538, 0.4978370529366716, 0.5215435792669891, 0.5452501055973069, 0.5689566319276247, 0.5926631582579422, 0.61636968458826, 0.6400762109185776, 0.6637827372488954, 0.6874892635792131, 0.7111957899095309, 0.7349023162398485, 0.758608842570166, 0.7823153689004838, 0.8060218952308016, 0.8297284215611194, 0.8534349478914369, 0.8771414742217545, 0.9008480005520723, 0.92455452688239, 0.9482610532127076, 0.9719675795430254, 0.9956741058733429, 1.0193806322036607, 1.0430871585339785, 1.066793684864296, 1.0905002111946138, 1.1142067375249314, 1.1379132638552492, 1.161619790185567, 1.1853263165158847, 1.209032842846202, 1.2327393691765198, 1.2564458955068376, 1.2801524218371554, 1.3038589481674732, 1.327565474497791, 1.3512720008281083, 1.374978527158426, 1.3986850534887438, 1.4223915798190616, 1.446098106149379, 1.4698046324796967, 1.4935111588100145, 1.5172176851403323, 1.54092421147065, 1.5646307378009678, 1.5883372641312852, 1.612043790461603, 1.6357503167919207, 1.6594568431222385, 1.6831633694525558, 1.7068698957828736, 1.7305764221131914, 1.7542829484435092, 1.777989474773827, 1.8016960011041447], "bands": [[-19.618417073523283, -19.61300987173902, -19.5967859643018, -19.56973897285946, -19.53185986594834, -19.4831390352231, -19.42356861931028, -19.353144737864245, -19.27186938003832, -19.179751838525622, -19.076809710938523, -18.963069528392023, -18.838567209934123, -18.70334838908262, -18.557468805669284, -18.40099485006782, -18.234004295180583, -18.056587341356284, -17.868847993286863, -17.670905877729002, -17.46289859456908, -17.24498474817314, -17.0173478875976, -16.78020166042842, -16.533796667332762, -16.27842971393498, -16.01445654847298, -15.742309753293704, -15.462524470510683, -15.175776359185921, -14.882939073970103, -14.585173959319263, -14.284074207328583, -13.981903058164562, -13.681995902922822, -13.3894402284856, -13.112171077736122, -12.86242012735822, -12.65737434521564, -12.828785220601063, -12.991709712043303, -13.145537527705443, -13.29021548290618, -13.425698877478741, -13.55195104134048, -13.66894186235616, -13.776646306037783, -13.875043259060082, -13.964114802716164, -14.04384572311228, -14.11422317646764, -14.17523642788494, -14.226876660870584, -14.269136762364603, -14.3020111812414, -14.325495762320202, -14.339587634798303, -14.344285108847764, -14.339587634798303, -14.325495762320202, -14.3020111812414, -14.269136762364603, -14.226876660870584, -14.17523642788494, -14.11422317646764, -14.04384572311228, -13.964114802716164, -13.875043259060082, -13.776646306037783, -13.66894186235616, -13.55195104134048, -13.425698877478741, -13.29021548290618, -13.145537527705443, -12.991709712043303, -12.828785220601063, -12.65737434521564], [-7.591353679276541, -7.58475708080398, -7.56497181064212, -7.5320115588463015, -7.485899506808181, -7.426668890531721, -7.354363797927201, -7.269040227334681, -7.1707674290460215, -7.059629551594581, -6.935727622745141, -6.799181911443421, -6.65013466528292, -6.488753316007841, -6.315234120398401, -6.51607906103178, -6.8435757186765205, -7.169957440907922, -7.494095115173241, -7.815023281000482, -8.13191517986572, -8.444061565675941, -8.750852764293, -9.051763582091201, -9.34634059007006, -9.63419142433184, -9.914975800877261, -10.188397939951741, -10.454200168645263, -10.712157538477442, -10.962073289257162, -11.203775069419102, -11.437111872020102, -11.661951716327883, -11.878180069559843, -12.08569892985888, -12.284425890221241, -12.47429181736408, -12.655235542781341, -12.51350895235144, -12.443536984230901, -12.437823673244623, -12.477563452149502, -12.544520337284961, -12.625650642022041, -12.712620026115061, -12.80023010534222, -12.885193130327021, -12.965371466004221, -13.039332312433661, -13.10608784953596, -13.16494089403172, -13.215390992900122, -13.25707593247462, -13.28973452413232, -13.31318269363678, -13.327298133908421, -13.332010876274424, -13.327298133908421, -13.31318269363678, -13.28973452413232, -13.25707593247462, -13.215390992900122, -13.16494089403172, -13.10608784953596, -13.039332312433661, -12.965371466004221, -12.885193130327021, -12.80023010534222, -12.712620026115061, -12.625650642022041, -12.544520337284961, -12.477563452149502, -12.437823673244623, -12.443536984230901, -12.51350895235144, -12.655235542781341], [-3.07736780889246, -3.0985394509038007, -3.1663151161807, -3.2768801691718807, -3.4269526238753607, -3.6124709121694214, -3.828965659565101, -4.071883043714681, -4.3368269785928195, -4.6197150521454, -4.91686067750612, -5.225000516645421, -5.541286047557621, -5.863254399082402, -6.188789299824661, -6.129806312730482, -5.932736738877042, -5.928269435175622, -6.201843000248822, -6.47812871467546, -6.755933249719941, -7.0341342276510215, -7.311674335916001, -7.587553231749222, -7.8608174276946805, -8.13054774170836, -8.39584367237234, -8.655803161776621, -8.909495286158082, -9.15592153135714, -9.393958466561381, -9.622269146708282, -9.83916117238054, -10.042351787395582, -10.228570439981702, -10.3928849822547, -10.527614074098121, -10.620888034803462, -10.656002901578121, -10.615516131647281, -10.490657523444623, -10.290423280098022, -10.034769488611701, -9.743314528910181, -9.43075155833508, -9.107370219490482, -8.780671190565961, -8.456632358990001, -8.140504958965481, -7.837281384416201, -7.551952951694522, -7.28962215204864, -7.05549641204858, -6.85477157981366, -6.692410492245001, -6.572833665762861, -6.499561782048881, -6.474874410830701, -6.499561782048881, -6.572833665762861, -6.692410492245001, -6.85477157981366, -7.05549641204858, -7.28962215204864, -7.551952951694522, -7.837281384416201, -8.140504958965481, -8.456632358990001, -8.780671190565961, -9.107370219490482, -9.43075155833508, -9.743314528910181, -10.034769488611701, -10.290423280098022, -10.490657523444623, -10.615516131647281, -10.656002901578121], [-3.0756982044649406, -3.0895590820895804, -3.12601282593616, -3.1863691941574603, -3.27003940552826, -3.37622034823124, -3.503914474111521, -3.6519536140939404, -3.8190258113446007, -4.00370405378812, -4.204475961745041, -4.419773241551182, -4.647999939154261, -4.887558405231781, -5.136872160930443, -5.394404978499821, -5.658675806745281, -5.724334966609041, -5.5049588938649805, -5.275020708047501, -5.034993169135641, -4.785416028854101, -4.526902392698561, -4.26014477719332, -3.9859205385656007, -3.7050963054826, -3.41863102944944, -3.12757721748558, -2.833079944351, -2.5363732606414007, -2.238773746407541, -1.9416709790018198, -1.6465148879407, -1.3548000784171594, -1.0680473493178204, -0.7877826833010002, -0.5155141361547, -0.25270700095181997, -0.0007605232551797236, -0.24061560991954023, -0.4684521096523202, -0.6839248921039007, -0.8868993479207599, -1.07725541768496, -1.2548860707968807, -1.41969602653942, -1.57160064385288, -1.7105249526091195, -1.8364028372695596, -1.9491763266676405, -2.04879497903118, -2.13521537857148, -2.2084006973797803, -2.26832033895792, -2.31494965249864, -2.3482696907041203, -2.3682670410753004, -2.3749337116240006, -2.3682670410753004, -2.3482696907041203, -2.31494965249864, -2.26832033895792, -2.2084006973797803, -2.13521537857148, -2.04879497903118, -1.9491763266676405, -1.8364028372695596, -1.7105249526091195, -1.57160064385288, -1.41969602653942, -1.2548860707968807, -1.07725541768496, -0.8868993479207599, -0.6839248921039007, -0.4684521096523202, -0.24061560991954023, -0.0007605232551797236], [8.308663432583002, 8.31332923800514, 8.327300659221141, 8.35050382000114, 8.3828235045564, 8.42411451557766, 8.474215758855781, 8.53296589255788, 8.60021956426972, 8.6758635065388, 8.75983217798708, 