{"latvec": [[14.939265, 0.0, 0.0], [7.469633, 12.937783, 0.0], [0.0, 0.0, 15.0]], "atoms": [[0.808, 1.166, 3.0], [0.0, 0.0, 3.0], [3.23, 4.662, 3.0], [2.423, 3.497, 3.0], [3.028, 2.215, 3.0], [2.221, 1.049, 3.0], [5.653, 8.159, 3.0], [4.845, 6.993, 3.0], [5.451, 5.711, 3.0], [4.643, 4.546, 3.0], [5.249, 3.264, 3.0], [4.441, 2.098, 3.0], [5.047, 0.816, 3.0], [8.075, 11.656, 3.0], [7.268, 10.49, 3.0], [7.873, 9.208, 3.0], [7.066, 8.042, 3.0], [7.672, 6.76, 3.0], [6.864, 5.595, 3.0], [7.47, 4.313, 3.0], [6.662, 3.147, 3.0], [7.268, 1.865, 3.0], [6.46, 0.699, 3.0], [10.296, 12.705, 3.0], [9.488, 11.539, 3.0], [10.094, 10.257, 3.0], [9.287, 9.091, 3.0], [9.892, 7.809, 3.0], [9.085, 6.644, 3.0], [9.69, 5.362, 3.0], [8.883, 4.196, 3.0], [9.488, 2.914, 3.0], [8.681, 1.748, 3.0], [9.287, 0.466, 3.0], [11.709, 12.588, 3.0], [12.315, 11.306, 3.0], [11.507, 10.14, 3.0], [12.113, 8.858, 3.0], [11.305, 7.693, 3.0], [11.911, 6.411, 3.0], [11.104, 5.245, 3.0], [11.709, 3.963, 3.0], [10.902, 2.797, 3.0], [11.507, 1.515, 3.0], [10.7, 0.35, 3.0], [14.536, 12.355, 3.0], [13.728, 11.189, 3.0], [14.334, 9.907, 3.0], [13.526, 8.742, 3.0], [14.132, 7.46, 3.0], [13.324, 6.294, 3.0], [13.93, 5.012, 3.0], [13.122, 3.846, 3.0], [13.728, 2.564, 3.0], [12.92, 1.399, 3.0], [13.526, 0.117, 3.0], [15.948265, 12.238, 3.0], [16.554266, 10.956, 3.0], [15.747265, 9.791, 3.0], [16.352264, 8.509, 3.0], [15.545265, 7.343, 3.0], [16.150265, 6.061, 3.0], [15.343265, 4.895, 3.0], [15.948265, 3.613, 3.0], [15.141265, 2.448, 3.0], [18.775265, 12.005, 3.0], [17.967266, 10.84, 3.0], [18.573265, 9.558, 3.0], [17.765265, 8.392, 3.0], [18.371265, 7.11, 3.0], [17.563265, 5.944, 3.0], [20.188265, 11.889, 3.0], [20.794266, 10.607, 3.0], [19.986265, 9.441, 3.0], [0.0, 0.0, 6.4], [2.624, 2.681, 6.4], [2.019, 1.399, 6.4], [2.826, 0.233, 6.4], [4.441, 6.527, 6.4], [3.836, 5.245, 6.4], [4.643, 4.079, 6.4], [4.038, 2.797, 6.4], [4.845, 1.632, 6.4], [4.24, 0.35, 6.4], [6.258, 10.374, 6.4], [5.653, 9.091, 6.4], [6.46, 7.926, 6.4], [5.855, 6.644, 6.4], [6.662, 5.478, 6.4], [6.056, 4.196, 6.4], [6.864, 3.03, 6.4], [6.258, 1.748, 6.4], [7.066, 0.583, 6.4], [8.277, 11.772, 6.4], [7.672, 10.49, 6.4], [8.479, 9.325, 6.4], [7.873, 8.042, 6.4], [8.681, 6.877, 6.4], [8.075, 5.595, 6.4], [8.883, 4.429, 6.4], [8.277, 3.147, 6.4], [9.085, 1.981, 6.4], [8.479, 0.699, 6.4], [9.69, 11.889, 6.4], [10.498, 10.723, 6.4], [9.892, 9.441, 6.4], [10.7, 8.276, 6.4], [10.094, 6.993, 6.4], [10.902, 5.828, 6.4], [10.296, 4.546, 6.4], [11.104, 3.38, 6.4], [10.498, 2.098, 6.4], [11.305, 0.932, 6.4], [12.517, 12.122, 6.4], [11.911, 10.84, 6.4], [12.719, 9.674, 6.4], [12.113, 8.392, 6.4], [12.92, 7.227, 6.4], [12.315, 5.944, 6.4], [13.122, 4.779, 6.4], [12.517, 3.497, 6.4], [13.324, 2.331, 6.4], [12.719, 1.049, 6.4], [13.93, 12.238, 6.4], [14.737001, 11.073, 6.4], [14.132, 9.791, 6.4], [14.334, 7.343, 6.4], [14.536, 4.895, 6.4], [14.737001, 2.448, 6.4], [14.939265, 8.625, 6.4], [15.141265, 6.177, 6.4], [15.343265, 3.73, 6.4], [15.545265, 1.282, 6.4], [16.756266, 12.472, 6.4], [16.150265, 11.189, 6.4], [16.958265, 10.024, 6.4], [16.352264, 8.742, 6.4], [17.160265, 7.576, 6.4], [16.554266, 6.294, 6.4], [17.362265, 5.128, 6.4], [16.756266, 3.846, 6.4], [18.169266, 12.588, 6.4], [18.977264, 11.423, 6.4], [18.371265, 10.14, 6.4], [19.179264, 8.975, 6.4], [18.573265, 7.693, 6.4], [20.995266, 12.821, 6.4], [20.390266, 11.539, 6.4]]}